p, 314, 438
p, 340, 424
p, 372, 422
p, 406, 424
p, 446, 442
p, 550, 454
p, 580, 444
p, 624, 442
p, 660, 450
p, 696, 462
p, 338, 498
p, 358, 488
p, 394, 486
p, 414, 492
p, 440, 516
p, 412, 518
p, 390, 514
p, 366, 510
p, 556, 520
p, 584, 506
p, 614, 502
p, 642, 512
p, 656, 528
p, 642, 532
p, 614, 530
p, 586, 530
p, 466, 528
p, 450, 568
p, 434, 602
p, 422, 640
p, 446, 664
p, 482, 676
p, 514, 672
p, 550, 660
p, 548, 614
p, 536, 576
p, 536, 528
p, 378, 728
p, 420, 712
p, 486, 714
p, 548, 724
p, 588, 736
p, 546, 774
p, 478, 788
p, 416, 770
p, 254, 668
p, 264, 732
p, 284, 786
p, 312, 826
p, 356, 870
p, 406, 898
p, 472, 910
p, 542, 906
p, 594, 880
p, 644, 846
p, 678, 814
p, 696, 774
p, 708, 732
l, 0, 1
l, 1, 2
l, 2, 3
l, 3, 4
l, 5, 6
l, 6, 7
l, 7, 8
l, 8, 9
l, 10, 11
l, 11, 12
l, 12, 13
l, 13, 14
l, 14, 15
l, 15, 16
l, 16, 17
l, 17, 10
l, 18, 19
l, 19, 20
l, 20, 21
l, 21, 22
l, 22, 23
l, 23, 24
l, 24, 25
l, 25, 18
l, 26, 27
l, 27, 28
l, 28, 29
l, 29, 30
l, 30, 31
l, 31, 32
l, 32, 33
l, 33, 34
l, 34, 35
l, 35, 36
l, 37, 38
l, 38, 39
l, 39, 40
l, 40, 41
l, 41, 42
l, 42, 43
l, 43, 44
l, 44, 37
l, 45, 46
l, 46, 47
l, 47, 48
l, 48, 49
l, 49, 50
l, 50, 51
l, 51, 52
l, 52, 53
l, 53, 54
l, 54, 55
l, 55, 56
l, 56, 57

